Cycle Nr.,1,2,3,4,5,6,7,8,9,10,11,12,13,14,15,16,17,18,19,20,21,22,23,24,25,26,27,28,29,30,31,32,33,34,35,36,37,38,39,40,41,42,43,44,45,46,47,48,49,50,51,52,53,54,55,56,57,58,59,60,61,62,63,64,65,66,67,68,69,70,71,72,73,74,75,76,77,78,79,80,81,82,83,84,85,86,87,88,89,90,91,92,93,94,95,96,97,98,99,100,101,102,103,104,105,106,107,108,109,110,111,112,113,114,115,116,117,118,119,120,121,122,123,124,125
Time [s],0,371.6,743.2,1114.7,1486.3,1857.9,2615.5,2987.1,3358.7,3730.2,4101.8,4473.4,4844.9,5216.5,5588.1,5959.6,6331.2,6702.8,7074.3,7445.9,7817.5,8189.1,8560.6,8932.2,9303.8,9675.4,10046.9,10418.5,10790.1,11161.7,11533.2,11904.8,12276.4,12648,13019.5,13391.1,13762.7,14134.2,14505.8,14877.4,15249,15620.5,15992.1,16363.7,16735.2,17106.8,17478.4,17849.9,18221.5,18593.1,18964.7,19336.2,19707.8,20079.4,20450.9,20822.5,21194.1,21565.7,21937.2,22308.8,22680.4,23051.9,23423.5,23795.1,24166.6,24538.2,24909.8,25281.4,25652.9,26024.5,26396.1,26767.6,27139.2,27510.8,27882.4,28253.9,28625.5,28997.1,29368.6,29740.2,30111.8,30483.3,30854.9,31226.5,31598.1,31969.6,32341.2,32712.8,33084.3,33455.9,33827.5,34199.1,34570.6,34942.2,35313.8,35685.3,36056.9,36428.5,36800.1,37171.6,37543.2,37914.8,38286.4,38657.9,39029.5,39401.1,39772.6,40144.2,40515.8,40887.3,41258.9,41630.5,42002,42373.6,42745.2,43116.8,43488.3,43859.9,44231.5,44603,44974.6,45346.2,45717.7,46089.3,46460.9
Temp. [C],38,37.9,38,37.9,37.8,37.9,37.9,38.2,38,37.9,37.8,37.9,37.9,37.9,37.8,37.8,38,38,38,37.9,38.2,37.8,38,38.1,37.8,38.1,38.1,38,38.1,37.9,37.9,38,38.1,38.1,38.1,38.1,37.9,37.9,38,37.9,37.7,37.9,38,37.9,37.9,37.9,38.1,38,37.8,37.9,38,37.9,37.9,38.2,37.8,38.1,37.8,38.2,37.9,37.7,37.8,38,38.1,38.1,37.8,37.9,37.9,38,38,38,37.9,38,38,38,38.2,37.9,38.1,38,38.2,38.1,38.2,38,37.9,37.9,38.1,38,37.8,38,37.9,37.9,38,37.9,37.8,38.1,38,38.2,37.8,37.8,38.1,38,37.9,38,37.8,37.8,38.1,37.9,38,37.8,37.9,38,38.2,38.2,38,38,37.9,37.7,38,37.8,38,37.9,37.9,38.1,37.9,37.9,38.2
A1,0.090599999,0.090599999,0.090700001,0.0911,0.091399997,0.092399999,0.093699999,0.094700001,0.096100003,0.097199999,0.099299997,0.1008,0.102899998,0.104099996,0.104900002,0.105899997,0.107000001,0.106299996,0.105400003,0.104099996,0.102799997,0.101499997,0.099200003,0.096699998,0.094700001,0.0933,0.092600003,0.091899998,0.091700003,0.091399997,0.091499999,0.091399997,0.091300003,0.091200002,0.0911,0.090999998,0.091300003,0.091300003,0.091300003,0.091300003,0.091200002,0.091200002,0.091200002,0.091399997,0.091300003,0.091399997,0.091300003,0.091200002,0.091399997,0.091300003,0.091399997,0.091300003,0.091300003,0.091200002,0.091200002,0.091399997,0.091399997,0.091300003,0.091499999,0.091399997,0.091499999,0.091600001,0.091799997,0.091799997,0.091799997,0.092100002,0.092100002,0.092200004,0.092399999,0.092799999,0.093199998,0.093500003,0.093999997,0.094499998,0.095100001,0.096000001,0.097099997,0.098200001,0.099600002,0.101499997,0.103699997,0.106299996,0.109300002,0.113399997,0.118199997,0.124200001,0.130400002,0.138300002,0.146200001,0.153200001,0.156800002,0.162100002,0.168200001,0.174400002,0.174700007,0.172800004,0.173500001,0.175799996,0.179000005,0.180299997,0.181400001,0.183799997,0.187099993,0.191400006,0.194999993,0.198599994,0.202999994,0.206100002,0.210299999,0.214300007,0.217899993,0.222000003,0.225799993,0.230000004,0.234300002,0.2377,0.241999999,0.2465,0.250400007,0.254999995,0.2597,0.264899999,0.269499987,0.274899989,0.279900014
A2,0.091200002,0.091200002,0.091399997,0.091799997,0.092200004,0.092799999,0.0942,0.095100001,0.096000001,0.097599998,0.099200003,0.101199999,0.103299998,0.1043,0.104999997,0.105999999,0.106700003,0.106399998,0.105300002,0.104199998,0.103399999,0.1021,0.099699996,0.0973,0.095600002,0.093999997,0.0933,0.092500001,0.092399999,0.092200004,0.092100002,0.092,0.091899998,0.091700003,0.091899998,0.094599999,0.091899998,0.094800003,0.091799997,0.091899998,0.091799997,0.091899998,0.091899998,0.092,0.092100002,0.091799997,0.091899998,0.091899998,0.092,0.091899998,0.092200004,0.092200004,0.092,0.092100002,0.113200001,0.092200004,0.092399999,0.092399999,0.092399999,0.092500001,0.092600003,0.093099996,0.093199998,0.093500003,0.093599997,0.0942,0.094599999,0.095399998,0.095899999,0.137799993,0.098499998,0.099600002,0.101599999,0.103600003,0.106399998,0.109899998,0.114,0.119199999,0.125599995,0.133699998,0.138699993,0.142900005,0.1514,0.161400005,0.171700001,0.179499999,0.188700005,0.1954,0.203500003,0.210099995,0.212799996,0.214200005,0.216100007,0.219500005,0.221900001,0.2236,0.225500003,0.227899998,0.231299996,0.234999999,0.238700002,0.242899999,0.2456,0.249200001,0.252799988,0.256999999,0.260100007,0.264600009,0.267699987,0.271200001,0.27579999,0.279799998,0.282299995,0.286000013,0.288700014,0.290699989,0.293300003,0.295899987,0.297500014,0.298700005,0.300700009,0.301099986,0.301899999,0.30219999,0.302300006
A3,0.091499999,0.091300003,0.091200002,0.091899998,0.092100002,0.093099996,0.094499998,0.095299996,0.096299998,0.097599998,0.0995,0.101899996,0.104599997,0.107600003,0.111000001,0.1149,0.117899999,0.118699998,0.118699998,0.120499998,0.123099998,0.124300003,0.125300005,0.126000002,0.1259,0.123899996,0.120300002,0.1153,0.109800003,0.105499998,0.101800002,0.099699996,0.0977,0.096900001,0.0964,0.095899999,0.095799997,0.095600002,0.0955,0.095299996,0.095200002,0.0955,0.095399998,0.095399998,0.095399998,0.095299996,0.095200002,0.095299996,0.095299996,0.095399998,0.0955,0.095700003,0.095399998,0.0955,0.095700003,0.096000001,0.095799997,0.095799997,0.096100003,0.0964,0.096500002,0.096699998,0.097000003,0.097400002,0.0977,0.098399997,0.098899998,0.099600002,0.100699998,0.101599999,0.103299998,0.105099998,0.107299998,0.110100001,0.1127,0.115599997,0.118000001,0.122900002,0.129299998,0.135700002,0.143399999,0.151899993,0.162,0.173199996,0.185599998,0.198100001,0.211899996,0.225199997,0.238999993,0.251199991,0.260199994,0.266900003,0.270900011,0.274500012,0.279599994,0.282999992,0.288300008,0.296200007,0.304100007,0.311500013,0.317799985,0.324499995,0.331400007,0.340900004,0.351799995,0.360900015,0.365999997,0.370000005,0.374300003,0.377999991,0.382600009,0.385699987,0.389600009,0.393099993,0.397700012,0.400099993,0.402799994,0.406100005,0.408699989,0.411300004,0.412800014,0.414499998,0.416099995,0.416500002,0.417400002
A4,0.091799997,0.091700003,0.092,0.092600003,0.093099996,0.093800001,0.095299996,0.096199997,0.097199999,0.098300003,0.100400001,0.102899998,0.1052,0.108400002,0.1118,0.115400001,0.1184,0.119499996,0.119199999,0.121399999,0.123800002,0.125200003,0.125599995,0.126499996,0.126699999,0.124700002,0.120899998,0.1162,0.110699996,0.105899997,0.102300003,0.100199997,0.098499998,0.097599998,0.097199999,0.096799999,0.096600004,0.096600004,0.0964,0.096199997,0.097000003,0.096199997,0.096000001,0.0964,0.096100003,0.096100003,0.095899999,0.096100003,0.096299998,0.096199997,0.096100003,0.096299998,0.096100003,0.096100003,0.096100003,0.096299998,0.096299998,0.096299998,0.096100003,0.096299998,0.0964,0.096500002,0.096600004,0.096600004,0.096600004,0.096799999,0.097099997,0.097199999,0.097599998,0.098099999,0.098399997,0.098899998,0.099399999,0.100199997,0.1008,0.1021,0.103399999,0.104800001,0.1065,0.109099999,0.111699998,0.115000002,0.118799999,0.122699998,0.126399994,0.132300004,0.139599994,0.147100002,0.155699998,0.1646,0.174600005,0.185299993,0.1963,0.206,0.214399993,0.222000003,0.228799999,0.235400006,0.238800004,0.241400003,0.244399995,0.248199999,0.252799988,0.256799996,0.262100011,0.268900007,0.2755,0.283199996,0.290899992,0.298599988,0.305299997,0.31220001,0.318199992,0.327499986,0.335000008,0.341399997,0.345899999,0.349900007,0.352400005,0.355599999,0.3583,0.361200005,0.364499986,0.366600007,0.369899988
A5,0.090599999,0.090700001,0.090800002,0.091200002,0.091700003,0.092299998,0.093800001,0.094800003,0.095600002,0.097099997,0.098899998,0.101000004,0.103799999,0.107500002,0.111299999,0.116700001,0.123999998,0.128399998,0.130999997,0.133300006,0.1373,0.140900001,0.144299999,0.1479,0.151199996,0.152600005,0.1505,0.146400005,0.140599996,0.133599997,0.126800001,0.122000001,0.1175,0.114500001,0.112400003,0.110100001,0.108599998,0.106600001,0.1052,0.105599999,0.102899998,0.102399997,0.101800002,0.100900002,0.1017,0.0999,0.0995,0.098999999,0.098999999,0.098800004,0.098800004,0.098700002,0.098800004,0.098399997,0.098700002,0.098700002,0.0986,0.098700002,0.098899998,0.099100001,0.099200003,0.099200003,0.099299997,0.099600002,0.0999,0.100400001,0.100699998,0.101199999,0.101800002,0.102700002,0.103699997,0.104699999,0.105800003,0.107299998,0.1087,0.110600002,0.113200001,0.115699999,0.118799999,0.1228,0.127100006,0.132200003,0.138099998,0.144400001,0.151299998,0.158899993,0.167699993,0.175799996,0.184499994,0.191799998,0.197699994,0.203099996,0.207100004,0.209999993,0.211400002,0.212200001,0.214599997,0.216999993,0.219400004,0.223100007,0.226600006,0.230499998,0.234400004,0.239600003,0.243200004,0.248500004,0.253300011,0.257800013,0.262400001,0.2685,0.274199992,0.279700011,0.284099996,0.288700014,0.292199999,0.296900004,0.301299989,0.304399997,0.309199989,0.312999994,0.316199988,0.317900002,0.320199996,0.3222,0.324000001
A6,0.090599999,0.090599999,0.090499997,0.090999998,0.091399997,0.092100002,0.093599997,0.094599999,0.0955,0.096699998,0.098899998,0.101199999,0.104099996,0.107699998,0.111900002,0.117299996,0.123199999,0.128600001,0.130999997,0.133499995,0.137400001,0.141299993,0.144299999,0.148399994,0.151299998,0.152799994,0.150199994,0.145199999,0.139799997,0.1338,0.126399994,0.121100001,0.1171,0.113799997,0.1118,0.109899998,0.108199999,0.106600001,0.1052,0.1039,0.102700002,0.102200001,0.101199999,0.100900002,0.100400001,0.100000001,0.099600002,0.099100001,0.099100001,0.098800004,0.098999999,0.098899998,0.0986,0.098499998,0.0986,0.098700002,0.098700002,0.098800004,0.098899998,0.098999999,0.098999999,0.099299997,0.0995,0.099699996,0.0999,0.100299999,0.101199999,0.101400003,0.102200001,0.103,0.104199998,0.105400003,0.106799997,0.1083,0.110299997,0.112800002,0.115800001,0.118799999,0.123000003,0.127700001,0.133200005,0.138999999,0.146599993,0.155399993,0.165700004,0.177100003,0.190099999,0.204699993,0.220799997,0.237399995,0.254700005,0.269499987,0.281399995,0.290600002,0.298099995,0.30430001,0.310600013,0.317600012,0.324000001,0.32980001,0.343300015,0.358399987,0.368999988,0.378899992,0.386400014,0.393599987,0.400700003,0.408699989,0.415600002,0.421700001,0.428900003,0.435699999,0.440699995,0.44659999,0.451599985,0.456400007,0.460399985,0.464899987,0.467999995,0.471599996,0.473399997,0.474299997,0.475699991,0.477100015,0.477800012
A7,0.090400003,0.090300001,0.090400003,0.090800002,0.091200002,0.092100002,0.093500003,0.095399998,0.095299996,0.096799999,0.0986,0.101000004,0.1039,0.1074,0.112000003,0.117299996,0.1237,0.132100001,0.140599996,0.149000004,0.156900004,0.160799995,0.159500003,0.156800002,0.153999999,0.151500002,0.1505,0.149900004,0.150199994,0.151199996,0.151800007,0.1523,0.152999997,0.153400004,0.154300004,0.154499993,0.155100003,0.155200005,0.155499995,0.155000001,0.1558,0.155900002,0.155200005,0.156000003,0.156000003,0.155699998,0.155300006,0.154699996,0.154899999,0.153999999,0.153899997,0.152899995,0.1523,0.151700005,0.151199996,0.149700001,0.148699999,0.147799999,0.147,0.146300003,0.145400003,0.144800007,0.144199997,0.143000007,0.142700002,0.141800001,0.141200006,0.140699998,0.140100002,0.139599994,0.139300004,0.138799995,0.138500005,0.137799993,0.137400001,0.136899993,0.137099996,0.136800006,0.136399999,0.136099994,0.136000007,0.136199996,0.136399999,0.136899993,0.137400001,0.1382,0.139300004,0.140200004,0.142100006,0.143900007,0.1461,0.148499995,0.151299998,0.155100003,0.158899993,0.162,0.166800007,0.172199994,0.176599994,0.181700006,0.186399996,0.192300007,0.195600003,0.200100005,0.203199998,0.207599998,0.209399998,0.212799996,0.214499995,0.217399999,0.219899997,0.222299993,0.224700004,0.227699995,0.231199995,0.234899998,0.239399999,0.245399997,0.25029999,0.255400002,0.260800004,0.264800012,0.268299997,0.271100014,0.274300009
A8,0.089900002,0.089900002,0.090099998,0.090599999,0.090999998,0.091700003,0.093500003,0.094499998,0.095399998,0.097099997,0.098899998,0.101099998,0.1043,0.107799999,0.112300001,0.118199997,0.125,0.133399993,0.141800001,0.149499997,0.157299995,0.160400003,0.158899993,0.156100005,0.152899995,0.151199996,0.1505,0.149800003,0.150099993,0.151299998,0.1514,0.151899993,0.152500004,0.153200001,0.153600007,0.153899997,0.154499993,0.154599994,0.155000001,0.154799998,0.154699996,0.155100003,0.154899999,0.155100003,0.155499995,0.155000001,0.155399993,0.154699996,0.154899999,0.154200003,0.154200003,0.153999999,0.153799996,0.153500006,0.153099999,0.152799994,0.152199998,0.151800007,0.150900006,0.151299998,0.150700003,0.149900004,0.149900004,0.150099993,0.149800003,0.149800003,0.150299996,0.150299996,0.1505,0.150700003,0.151500002,0.151999995,0.152700007,0.153400004,0.154799998,0.156200007,0.158000007,0.160300002,0.162699997,0.165800005,0.168699995,0.173199996,0.177599996,0.182899997,0.189300001,0.196099997,0.2042,0.212699994,0.223100007,0.233600006,0.246399999,0.259799987,0.273099989,0.286900014,0.301699996,0.318800002,0.335900009,0.344700009,0.351599991,0.359499991,0.370200008,0.378800005,0.386500001,0.393599987,0.401499987,0.41080001,0.418000013,0.425599992,0.432599992,0.441000015,0.448799998,0.457899988,0.46540001,0.474000007,0.482300013,0.489600003,0.497500002,0.503099978,0.50910002,0.516300023,0.520399988,0.524800003,0.529399991,0.532500029,0.535399973
B1,0.090800002,0.090899996,0.0911,0.091499999,0.092100002,0.092799999,0.094099998,0.095100001,0.095799997,0.097599998,0.099100001,0.101300001,0.104199998,0.1074,0.112000003,0.1171,0.123800002,0.131699994,0.141200006,0.152600005,0.165299997,0.177100003,0.181700006,0.188600004,0.194499999,0.202299997,0.204600006,0.202500001,0.201900005,0.204699993,0.208299994,0.2139,0.217800006,0.222399995,0.227200001,0.231000006,0.233199999,0.234899998,0.235200003,0.236300007,0.237100005,0.238399997,0.239800006,0.241400003,0.245000005,0.246800005,0.249200001,0.251899987,0.255600005,0.258599997,0.262699991,0.265899986,0.268400013,0.271499991,0.273699999,0.2755,0.277500004,0.279000014,0.280499995,0.282700002,0.283600003,0.286500007,0.287900001,0.288500011,0.289499998,0.289400011,0.290399998,0.292100012,0.291200012,0.291599989,0.291000009,0.290600002,0.290100008,0.289799988,0.289600015,0.287400007,0.28670001,0.285600007,0.285299987,0.285100013,0.282900006,0.282200009,0.281500012,0.280499995,0.278800011,0.277200013,0.27579999,0.274699986,0.274199992,0.271899998,0.271200001,0.270799994,0.269499987,0.269300014,0.265700012,0.264600009,0.261900008,0.259900004,0.259799987,0.256799996,0.255299985,0.252700001,0.250999987,0.2491,0.246399999,0.245299995,0.243399993,0.240899995,0.238900006,0.236100003,0.234500006,0.231999993,0.230000004,0.2271,0.225299999,0.222200006,0.219799995,0.216999993,0.213799998,0.211199999,0.209000006,0.205400005,0.202999994,0.200000003,0.197300002
B2,0.091700003,0.092699997,0.093199998,0.093599997,0.094400004,0.095299996,0.093999997,0.094800003,0.095700003,0.0973,0.098700002,0.100699998,0.103500001,0.106700003,0.110799998,0.116300002,0.122400001,0.129999995,0.139899999,0.150999993,0.164000005,0.177100003,0.181700006,0.189300001,0.197099999,0.206599995,0.206599995,0.2051,0.204500005,0.208399996,0.213599995,0.219600007,0.223000005,0.228499994,0.233600006,0.238199994,0.241500005,0.244900003,0.247700006,0.251399994,0.256900012,0.261799991,0.268999994,0.2773,0.286500007,0.296000004,0.305200011,0.315600008,0.327199996,0.338400006,0.351200014,0.364100009,0.373299986,0.379999995,0.387100011,0.395300001,0.404199988,0.411599994,0.41960001,0.427399993,0.435699999,0.440400004,0.442799985,0.442699999,0.442499995,0.444599986,0.446200013,0.447699994,0.449200004,0.451599985,0.453599989,0.45570001,0.458400011,0.460399985,0.462599993,0.465499997,0.469099998,0.471500009,0.474999994,0.478700012,0.480699986,0.485500008,0.488900006,0.492000014,0.497299999,0.500899971,0.504599988,0.50819999,0.512300014,0.515100002,0.517499983,0.520500004,0.522400022,0.524399996,0.52700001,0.528599977,0.530399978,0.530900002,0.532800019,0.533200026,0.533200026,0.533200026,0.533399999,0.532899976,0.532199979,0.530799985,0.529399991,0.527199984,0.524399996,0.521700025,0.518100023,0.514900029,0.510399997,0.506399989,0.500400007,0.495700002,0.489600003,0.484100014,0.476900011,0.470200002,0.462900013,0.456400007,0.44780001,0.439599991,0.431300014
B3,0.093000002,0.092799999,0.093099996,0.093500003,0.093699999,0.094599999,0.095799997,0.096799999,0.097599998,0.099200003,0.100299999,0.102300003,0.105300002,0.108099997,0.112099998,0.117399998,0.123400003,0.131200001,0.140699998,0.152199998,0.165800005,0.178900003,0.184799999,0.196099997,0.209099993,0.223900005,0.227899998,0.230000004,0.235100001,0.245700002,0.253300011,0.259200007,0.266499996,0.275200009,0.284399986,0.293900013,0.302599996,0.31220001,0.323100001,0.336600006,0.352100015,0.367300004,0.382499993,0.400900006,0.421900004,0.434799999,0.448599994,0.461199999,0.476300001,0.49059999,0.503300011,0.515299976,0.529399991,0.541499972,0.551400006,0.559599996,0.567799985,0.576499999,0.585399985,0.591799974,0.596000016,0.597800016,0.602400005,0.605700016,0.609099984,0.617500007,0.621200025,0.625800014,0.629899979,0.634899974,0.638300002,0.643700004,0.646799982,0.652800024,0.655499995,0.658299983,0.663600028,0.667200029,0.668799996,0.674099982,0.677100003,0.679700017,0.680499971,0.682099998,0.685199976,0.689999998,0.691600025,0.693199992,0.694800019,0.69569999,0.69569999,0.696799994,0.697700024,0.698899984,0.699299991,0.700800002,0.702099979,0.702600002,0.704299986,0.704900026,0.705900013,0.705799997,0.704400003,0.703599989,0.702600002,0.700900018,0.699299991,0.696200013,0.693899989,0.690999985,0.68720001,0.683399975,0.678900003,0.672999978,0.667800009,0.661300004,0.653900027,0.646499991,0.638100028,0.629299998,0.619899988,0.609600008,0.598500013,0.585799992,0.572899997
B4,0.092900001,0.093000002,0.093199998,0.0933,0.093800001,0.094499998,0.095799997,0.096799999,0.097400002,0.0986,0.100699998,0.102700002,0.1052,0.108499996,0.112800002,0.117799997,0.1241,0.131999999,0.141499996,0.152899995,0.166299999,0.179800004,0.186100006,0.200299993,0.215200007,0.231999993,0.240799993,0.246600002,0.255100012,0.264699996,0.274399996,0.282700002,0.291000009,0.301600009,0.313699991,0.324600011,0.335000008,0.349900007,0.363499999,0.378800005,0.393400013,0.412299991,0.428200006,0.437000006,0.447299987,0.459199995,0.471599996,0.485399991,0.49849999,0.511300027,0.524800003,0.53670001,0.549199998,0.560000002,0.575299978,0.585500002,0.594399989,0.607299984,0.617699981,0.624499977,0.630299985,0.637099981,0.644299984,0.652499974,0.657299995,0.661800027,0.667400002,0.671500027,0.676900029,0.681800008,0.684000015,0.689899981,0.693799973,0.698400021,0.700699985,0.7051,0.708000004,0.712800026,0.716300011,0.718599975,0.721700013,0.725399971,0.725099981,0.728600025,0.731999993,0.733399987,0.736199975,0.735899985,0.738099992,0.739300013,0.740700006,0.742500007,0.743099988,0.742799997,0.741999984,0.742900014,0.742900014,0.743499994,0.744199991,0.744700015,0.743900001,0.744899988,0.742999971,0.74180001,0.740100026,0.738900006,0.736800015,0.735700011,0.733500004,0.730700016,0.727900028,0.724300027,0.720700026,0.717100024,0.712599993,0.708500028,0.702899992,0.697600007,0.691999972,0.686600029,0.67900002,0.671800017,0.663500011,0.655700028,0.646499991
B5,0.091200002,0.091300003,0.091300003,0.091700003,0.092100002,0.093000002,0.094300002,0.094999999,0.095899999,0.097199999,0.098899998,0.101199999,0.103799999,0.107100002,0.111400001,0.116499998,0.122699998,0.130899996,0.140599996,0.152099997,0.165900007,0.179299995,0.186499998,0.204400003,0.227200001,0.250099987,0.276199996,0.307000011,0.342999995,0.376599997,0.411000013,0.452600002,0.470400006,0.507000029,0.527499974,0.53490001,0.541700006,0.551900029,0.560899973,0.567799985,0.574299991,0.577099979,0.581700027,0.587800026,0.595899999,0.597299993,0.606999993,0.610800028,0.61680001,0.625400007,0.63380003,0.638599992,0.646899998,0.652800024,0.660700023,0.666100025,0.676500022,0.684899986,0.693599999,0.701099992,0.709200025,0.717700005,0.725499988,0.732500017,0.739199996,0.746599972,0.752499998,0.7579,0.764100015,0.770299971,0.77579999,0.778999984,0.784200013,0.787400007,0.791400015,0.79400003,0.796400011,0.797900021,0.799300015,0.802100003,0.802999973,0.80339998,0.804099977,0.803600013,0.8046,0.804899991,0.803499997,0.802699983,0.802100003,0.800700009,0.798699975,0.796800017,0.793900013,0.791899979,0.788500011,0.78549999,0.782199979,0.778500021,0.775399983,0.770900011,0.765600026,0.760200024,0.755699992,0.749899983,0.744300008,0.738699973,0.732500017,0.725300014,0.718999982,0.712199986,0.703400016,0.696200013,0.689100027,0.678799987,0.672599971,0.665000021,0.654799998,0.647499979,0.639299989,0.63440001,0.625199974,0.616999984,0.608500004,0.601599991,0.595399976
B6,0.090999998,0.091200002,0.090999998,0.091499999,0.091799997,0.092699997,0.094099998,0.094899997,0.095799997,0.097099997,0.098700002,0.1008,0.103600003,0.107000001,0.111199997,0.116499998,0.1228,0.130700007,0.140599996,0.152400002,0.1664,0.179000005,0.186900005,0.204600006,0.228300005,0.251399994,0.278400004,0.311100006,0.346899986,0.38499999,0.429100007,0.469500005,0.50120002,0.541199982,0.573099971,0.601000011,0.632700026,0.656799972,0.680899978,0.700600028,0.724300027,0.748899996,0.76849997,0.78670001,0.802699983,0.819199979,0.834200025,0.848500013,0.861999989,0.875,0.887199998,0.898999989,0.912100017,0.920000017,0.924700022,0.931500018,0.939700007,0.946399987,0.956499994,0.967199981,0.977500021,0.988099992,0.998899996,1.007699966,1.017500043,1.025400043,1.035300016,1.042199969,1.050199986,1.059200048,1.066499949,1.076500058,1.083899975,1.088400006,1.093600035,1.096899986,1.100299954,1.105399966,1.108700037,1.111899972,1.112900019,1.111299992,1.107900023,1.105599999,1.104099989,1.102800012,1.102300048,1.101500034,1.099599957,1.099099994,1.099300027,1.099799991,1.09860003,1.098799944,1.098099947,1.096600056,1.096400023,1.096899986,1.097800016,1.097900033,1.097900033,1.09800005,1.09829998,1.098799944,1.099099994,1.098899961,1.098700047,1.098199964,1.098500013,1.098399997,1.098099947,1.09920001,1.098099947,1.0977,1.097499967,1.095999956,1.093799949,1.093000054,1.091099977,1.08949995,1.08829999,1.087200046,1.084599972,1.082599998,1.079900026
B7,0.090499997,0.090499997,0.090499997,0.090999998,0.091399997,0.092200004,0.093500003,0.094899997,0.095200002,0.096699998,0.098399997,0.100699998,0.103399999,0.106600001,0.111000001,0.1162,0.1228,0.130999997,0.141000003,0.153200001,0.167300001,0.180099994,0.188299999,0.206300005,0.230499998,0.253800005,0.280800015,0.314099997,0.350400001,0.388099998,0.430500001,0.466399997,0.500500023,0.542699993,0.575900018,0.601300001,0.630800009,0.653500021,0.674199998,0.696099997,0.726700008,0.746599972,0.764199972,0.780499995,0.799899995,0.816799998,0.83130002,0.849300027,0.865199983,0.879499972,0.894200027,0.908100009,0.922299981,0.931500018,0.943000019,0.956499994,0.970000029,0.982599974,0.995800018,1.005100012,1.014899969,1.025300026,1.033300042,1.044399977,1.052700043,1.060400009,1.068799973,1.077900052,1.090299964,1.099699974,1.108500004,1.116899967,1.120700002,1.126700044,1.135900021,1.140200019,1.141899943,1.14289999,1.143300056,1.143000007,1.14289999,1.143100023,1.144999981,1.144400001,1.143700004,1.144600034,1.143900037,1.143399954,1.142699957,1.142799973,1.140400052,1.140300035,1.139899969,1.138200045,1.139000058,1.138100028,1.135599971,1.13440001,1.13440001,1.133399963,1.132099986,1.131100059,1.129899979,1.129699945,1.128800035,1.126899958,1.126199961,1.125,1.12469995,1.123299956,1.123100042,1.120800018,1.121500015,1.119099975,1.117900014,1.117300034,1.116899967,1.115399957,1.113999963,1.112699986,1.111899972,1.111899972,1.110399961,1.108800054,1.109200001
B8,0.090700001,0.090700001,0.090599999,0.090899996,0.091300003,0.092200004,0.093599997,0.094400004,0.095299996,0.096699998,0.098499998,0.100500003,0.103299998,0.106700003,0.1109,0.116400003,0.122599997,0.130700007,0.140799999,0.152799994,0.167799994,0.177499995,0.187399998,0.206300005,0.230399996,0.252999991,0.280099988,0.314700007,0.349099994,0.386299998,0.424499989,0.456900001,0.495900005,0.536899984,0.568400025,0.58890003,0.617999971,0.643599987,0.662999988,0.686600029,0.714100003,0.735199988,0.75120002,0.770200014,0.788299978,0.80430001,0.820800006,0.837300003,0.851999998,0.867299974,0.880599976,0.896499991,0.907400012,0.920000017,0.933499992,0.94660002,0.957700014,0.970799983,0.982599974,0.99180001,1.002799988,1.010900021,1.021100044,1.031000018,1.038200021,1.047600031,1.054800034,1.064499974,1.073899984,1.083400011,1.092499971,1.09679997,1.101699948,1.107499957,1.11650002,1.118700027,1.119600058,1.121099949,1.121999979,1.123000026,1.121000051,1.123200059,1.12349999,1.121799946,1.122599959,1.123200059,1.123700023,1.123600006,1.122599959,1.121899962,1.121199965,1.121299982,1.120200038,1.118600011,1.118999958,1.118100047,1.1171,1.116999984,1.116000056,1.113899946,1.112100005,1.112800002,1.109300017,1.108399987,1.109500051,1.107599974,1.10679996,1.106699944,1.106099963,1.105499983,1.104200006,1.102399945,1.102200031,1.101300001,1.101099968,1.098700047,1.09860003,1.097800016,1.093099952,1.095999956,1.095100045,1.095199943,1.094099998,1.092200041,1.088400006
C1,0.090499997,0.090599999,0.090800002,0.091200002,0.091600001,0.092399999,0.093500003,0.094400004,0.095299996,0.096799999,0.098399997,0.100599997,0.103299998,0.1065,0.110399999,0.115400001,0.121600002,0.129299998,0.138300002,0.149599999,0.162900001,0.178399995,0.183799997,0.199900001,0.221200004,0.246099994,0.270099998,0.299899995,0.337000012,0.372099996,0.413199991,0.455799997,0.48210001,0.523999989,0.557799995,0.582499981,0.611800015,0.638000011,0.662199974,0.683700025,0.70599997,0.728600025,0.750899971,0.772599995,0.793500006,0.812099993,0.827799976,0.844099998,0.859899998,0.875500023,0.890900016,0.905600011,0.918799996,0.931800008,0.944599986,0.958100021,0.971099973,0.98360002,0.993399978,1.004500031,1.013900042,1.022699952,1.033400059,1.040199995,1.047999978,1.056399941,1.062899947,1.073799968,1.083099961,1.091199994,1.097000003,1.109300017,1.114099979,1.11559999,1.115300059,1.116099954,1.11650002,1.116899967,1.116000056,1.117599964,1.120399952,1.114400029,1.112599969,1.116400003,1.115200043,1.115100026,1.113700032,1.114400029,1.111799955,1.110100031,1.10679996,1.105499983,1.103700042,1.103399992,1.101999998,1.101899981,1.104500055,1.100399971,1.104900002,1.097599983,1.09679997,1.095399976,1.095700026,1.093600035,1.092300057,1.093000054,1.090899944,1.093600035,1.091199994,1.08889997,1.087000012,1.085399985,1.085000038,1.083999991,1.08220005,1.080199957,1.08039999,1.079399943,1.076900005,1.077800035,1.077999949,1.075299978,1.074300051,1.073099971,1.075500011
C2,0.091300003,0.0911,0.091300003,0.091399997,0.092,0.092900001,0.094099998,0.094800003,0.095600002,0.097000003,0.098700002,0.1008,0.103200004,0.106399998,0.110399999,0.115099996,0.121100001,0.128600001,0.137600005,0.148800001,0.161699995,0.178100005,0.183899999,0.199300006,0.220100001,0.244800001,0.268900007,0.298799992,0.336400002,0.371800005,0.410299987,0.451599985,0.479000002,0.52670002,0.561500013,0.585200012,0.610700011,0.635999978,0.66170001,0.684000015,0.706499994,0.729600012,0.752099991,0.773599982,0.79519999,0.814999998,0.830900013,0.847199976,0.862500012,0.878000021,0.89349997,0.908800006,0.922999978,0.934499979,0.948099971,0.962800026,0.976400018,0.988300025,0.999100029,1.01030004,1.020099998,1.030400038,1.039399981,1.047500014,1.057100058,1.063199997,1.071499944,1.080899954,1.092599988,1.100399971,1.108399987,1.118600011,1.123100042,1.12349999,1.124199986,1.124300003,1.124500036,1.124899983,1.12590003,1.12530005,1.121399999,1.123000026,1.124899983,1.121000051,1.120700002,1.12440002,1.116700053,1.116899967,1.116400003,1.114199996,1.112699986,1.111999989,1.110999942,1.110999942,1.106699944,1.105599999,1.10769999,1.10679996,1.101899981,1.100999951,1.099699974,1.099699974,1.097599983,1.098700047,1.095299959,1.095999956,1.093000054,1.093899965,1.091899991,1.091400027,1.091899991,1.087900043,1.088199973,1.086300015,1.085500002,1.086400032,1.083899975,1.080899954,1.081400037,1.078299999,1.076900005,1.076500058,1.075299978,1.075799942,1.072999954
C3,0.090999998,0.090899996,0.090999998,0.091399997,0.091700003,0.092600003,0.093699999,0.094499998,0.095399998,0.096699998,0.098099999,0.100100003,0.102399997,0.105599999,0.109200001,0.114,0.1197,0.127499998,0.136299998,0.147300005,0.160799995,0.176799998,0.182400003,0.197799996,0.2192,0.244000003,0.268299997,0.298299998,0.335599989,0.371199995,0.411000013,0.448300004,0.477100015,0.529200017,0.562300026,0.588400006,0.609300017,0.635100007,0.659399986,0.683899999,0.707599998,0.730599999,0.752099991,0.772199988,0.796000004,0.816299975,0.832499981,0.848399997,0.864400029,0.879100025,0.894599974,0.909099996,0.922999978,0.936600029,0.949699998,0.963999987,0.976899981,0.988900006,1.000100017,1.011700034,1.021700025,1.030799985,1.040300012,1.049100041,1.057399988,1.064900041,1.074699998,1.084300041,1.094499946,1.099699974,1.111099958,1.118999958,1.121099949,1.121099949,1.121399999,1.121000051,1.119500041,1.121600032,1.122499943,1.122499943,1.123700023,1.123000026,1.122699976,1.119300008,1.118299961,1.119500041,1.1171,1.11559999,1.115800023,1.114799976,1.114899993,1.115399957,1.11500001,1.116999984,1.115800023,1.109799981,1.10860002,1.107800007,1.10800004,1.105200052,1.105800033,1.101699948,1.10529995,1.105200052,1.098500013,1.100000024,1.095000029,1.094099998,1.092499971,1.091099977,1.089699984,1.09010005,1.08739996,1.086199999,1.083799958,1.082000017,1.081900001,1.080299973,1.079100013,1.076599956,1.076200008,1.076099992,1.073699951,1.072299957,1.070000052
C4,0.090599999,0.090499997,0.090599999,0.090899996,0.091300003,0.092,0.093599997,0.0942,0.094899997,0.096199997,0.097800002,0.0995,0.102200001,0.104900002,0.1087,0.113899998,0.1193,0.126699999,0.135700002,0.147,0.160500005,0.176300004,0.181700006,0.197400004,0.2192,0.243900001,0.268599987,0.298200011,0.335500002,0.371800005,0.410299987,0.447400004,0.4745,0.529399991,0.561999977,0.588500023,0.608200014,0.634800017,0.658699989,0.681200027,0.704400003,0.725799978,0.752499998,0.769800007,0.788699985,0.806599975,0.822000027,0.83890003,0.855300009,0.869499981,0.884199977,0.898400009,0.914200008,0.925899982,0.939700007,0.953499973,0.967299998,0.979900002,0.991100013,1.003200054,1.013299942,1.024299979,1.034199953,1.042500019,1.050799966,1.059399962,1.067399979,1.07889998,1.088500023,1.096099973,1.102800012,1.108399987,1.119699955,1.125,1.124799967,1.12530005,1.123200059,1.124199986,1.12440002,1.124799967,1.12559998,1.124899983,1.123900056,1.12440002,1.12440002,1.123800039,1.122799993,1.122599959,1.121799946,1.120100021,1.118000031,1.118700027,1.114099979,1.115800023,1.111700058,1.10800004,1.109300017,1.110200047,1.111299992,1.109200001,1.107599974,1.105900049,1.104400039,1.104400039,1.100600004,1.099900007,1.100600004,1.094599962,1.092300057,1.089900017,1.08739996,1.090999961,1.086099982,1.087800026,1.087299943,1.087499976,1.084100008,1.08130002,1.083299994,1.081699967,1.080000043,1.078699946,1.077299953,1.075000048,1.074900031
C5,0.092200004,0.092,0.092100002,0.092399999,0.092699997,0.0933,0.094499998,0.0955,0.096100003,0.097400002,0.098700002,0.1008,0.103200004,0.106299996,0.110399999,0.115099996,0.120899998,0.128600001,0.137700006,0.149000004,0.162300006,0.178499997,0.184,0.199699998,0.221900001,0.246199995,0.271200001,0.301899999,0.338699996,0.376300007,0.410699993,0.452199996,0.479600012,0.533100009,0.564999998,0.587599993,0.611500025,0.638999999,0.661499977,0.683799982,0.707700014,0.73269999,0.756200016,0.773299992,0.791800022,0.810500026,0.824599981,0.842400014,0.856599987,0.873300016,0.887099981,0.901899993,0.914200008,0.92839998,0.938899994,0.953000009,0.964900017,0.979499996,0.987699986,1.00059998,1.012199998,1.020499945,1.030400038,1.042099953,1.047999978,1.057800055,1.066499949,1.073699951,1.085700035,1.094499946,1.105999947,1.110399961,1.11650002,1.126700044,1.127900004,1.133399963,1.134799957,1.13530004,1.135100007,1.130399942,1.136999965,1.128900051,1.132699966,1.129299998,1.128999949,1.129799962,1.130699992,1.127799988,1.127500057,1.128399968,1.126399994,1.126000047,1.123299956,1.122900009,1.122200012,1.121299982,1.120399952,1.117200017,1.116700053,1.11500001,1.112900019,1.111600041,1.110800028,1.109599948,1.10860002,1.106400013,1.105100036,1.103199959,1.103600025,1.102100015,1.100499988,1.09829998,1.09920001,1.096400023,1.095000029,1.094599962,1.092000008,1.092100024,1.090499997,1.089300036,1.088000059,1.085800052,1.085000038,1.083500028,1.082100034
C6,0.091399997,0.091300003,0.091399997,0.091600001,0.092,0.092500001,0.093999997,0.094899997,0.095700003,0.096900001,0.098300003,0.100400001,0.103,0.105599999,0.109399997,0.114100002,0.119999997,0.127900004,0.136700004,0.148000002,0.161200002,0.177000001,0.182500005,0.198300004,0.220100001,0.245000005,0.269499987,0.299400002,0.335999995,0.370700002,0.405699998,0.444400012,0.475199997,0.524100006,0.557399988,0.578199983,0.603799999,0.630400002,0.651899993,0.674700022,0.698700011,0.726700008,0.744300008,0.760699987,0.781899989,0.797399998,0.814199984,0.83069998,0.845399976,0.860199988,0.875800014,0.890200019,0.902899981,0.915899992,0.92839998,0.941299975,0.95539999,0.969200015,0.981100023,0.991599977,1.003600001,1.011899948,1.020799994,1.030200005,1.039999962,1.048400044,1.055500031,1.063199997,1.075899959,1.087000012,1.095399976,1.101999998,1.107200027,1.112800002,1.122400045,1.125,1.12559998,1.126799941,1.126399994,1.127599955,1.126199961,1.12650001,1.127200007,1.127599955,1.126399994,1.12590003,1.126999974,1.126799941,1.126799941,1.125499964,1.12440002,1.123100042,1.120599985,1.120100021,1.116000056,1.112900019,1.112100005,1.110700011,1.109200001,1.114500046,1.109799981,1.10739994,1.104799986,1.104300022,1.101699948,1.100999951,1.101300001,1.098500013,1.09829998,1.096500039,1.096300006,1.096300006,1.093400002,1.092499971,1.091099977,1.088799953,1.087700009,1.086500049,1.085899949,1.087299943,1.083199978,1.088600039,1.082700014,1.081500053,1.080299973
C7,0.087899998,0.087899998,0.087800004,0.0876,0.087399997,0.087800004,0.087499999,0.087700002,0.087499999,0.087700002,0.0876,0.0876,0.0876,0.0876,0.087499999,0.0876,0.087499999,0.087499999,0.087499999,0.087499999,0.0876,0.087399997,0.0876,0.0876,0.0876,0.087499999,0.0876,0.087499999,0.087399997,0.0876,0.087499999,0.0876,0.0876,0.087399997,0.087399997,0.087399997,0.087499999,0.087499999,0.087499999,0.087499999,0.087499999,0.0876,0.087499999,0.087700002,0.087700002,0.0876,0.087399997,0.087399997,0.087499999,0.087499999,0.0876,0.087499999,0.087499999,0.0876,0.087399997,0.087499999,0.0876,0.0876,0.087399997,0.087499999,0.087399997,0.087499999,0.087800004,0.0876,0.087399997,0.087499999,0.0876,0.0876,0.087499999,0.0876,0.087899998,0.087700002,0.087700002,0.087700002,0.087499999,0.087499999,0.0876,0.087399997,0.0876,0.087700002,0.087700002,0.0876,0.0876,0.087399997,0.087800004,0.087700002,0.087499999,0.0876,0.087800004,0.087700002,0.0876,0.087800004,0.0876,0.087700002,0.087800004,0.087800004,0.087700002,0.087700002,0.0876,0.087800004,0.0876,0.087700002,0.087700002,0.087899998,0.087800004,0.087800004,0.087899998,0.088,0.087800004,0.087899998,0.087899998,0.088,0.0876,0.087700002,0.0876,0.087700002,0.087700002,0.087899998,0.087800004,0.087899998,0.087700002,0.088,0.087899998,0.0876,0.087899998
C8,0.087700002,0.087499999,0.087499999,0.087499999,0.087300003,0.0876,0.087800004,0.087700002,0.087399997,0.087499999,0.087499999,0.0876,0.094700001,0.087300003,0.087300003,0.087800004,0.087800004,0.087300003,0.087399997,0.087099999,0.087499999,0.087399997,0.087399997,0.087300003,0.087399997,0.087300003,0.087499999,0.087399997,0.087399997,0.087200001,0.087300003,0.087499999,0.087099999,0.087300003,0.087399997,0.087200001,0.0876,0.087399997,0.087399997,0.0876,0.087200001,0.087399997,0.087300003,0.087499999,0.087499999,0.087499999,0.087399997,0.087099999,0.087399997,0.087300003,0.087300003,0.087300003,0.087200001,0.087300003,0.087300003,0.087399997,0.087399997,0.087300003,0.087399997,0.087399997,0.087300003,0.087200001,0.087499999,0.087300003,0.087300003,0.087300003,0.087399997,0.087499999,0.087399997,0.087399997,0.087399997,0.087399997,0.087499999,0.087399997,0.087300003,0.087499999,0.087399997,0.087399997,0.087399997,0.087300003,0.087499999,0.087399997,0.087399997,0.087399997,0.087399997,0.087399997,0.087399997,0.087399997,0.087499999,0.087399997,0.087499999,0.087399997,0.087399997,0.0876,0.087700002,0.087499999,0.087499999,0.0876,0.0876,0.087399997,0.087399997,0.087300003,0.087300003,0.087499999,0.087499999,0.0876,0.087700002,0.087499999,0.087700002,0.087499999,0.087499999,0.087700002,0.087499999,0.0876,0.087399997,0.087499999,0.0876,0.0876,0.087399997,0.087499999,0.087499999,0.087399997,0.087700002,0.087499999,0.0876
D1,0.090099998,0.090300001,0.090499997,0.090899996,0.091300003,0.092,0.093400002,0.093999997,0.094999999,0.0964,0.098099999,0.100199997,0.102700002,0.105899997,0.109700002,0.114799999,0.120399997,0.128099993,0.136600003,0.147499993,0.1602,0.176899999,0.182300001,0.197099999,0.217099994,0.241699994,0.264899999,0.29339999,0.330599993,0.36680001,0.402799994,0.441799998,0.472499996,0.506099999,0.547900021,0.574100018,0.596300006,0.621699989,0.647700012,0.671199977,0.694599986,0.717000008,0.740199983,0.761099994,0.781700015,0.80250001,0.821099997,0.83859998,0.855400026,0.870800018,0.887600005,0.90140003,0.914799988,0.926900029,0.941100001,0.955600023,0.967599988,0.980499983,0.99180001,1.001899958,1.012400031,1.021399975,1.030099988,1.037199974,1.045099974,1.051900029,1.058599949,1.066699982,1.080500007,1.088700056,1.098799944,1.106099963,1.108899951,1.109400034,1.109500051,1.109899998,1.110299945,1.110900044,1.110000014,1.110399961,1.110299945,1.110299945,1.108999968,1.108800054,1.10800004,1.108199954,1.106699944,1.105999947,1.104799986,1.103600025,1.102499962,1.100999951,1.099499941,1.099499941,1.097100019,1.096699953,1.094300032,1.093899965,1.091899991,1.091300011,1.0898,1.088099957,1.088400006,1.088000059,1.087100029,1.085700035,1.081900001,1.083799958,1.08039999,1.07980001,1.081400037,1.075500011,1.073199987,1.074000001,1.073500037,1.069900036,1.067800045,1.064399958,1.064299941,1.065199971,1.068600059,1.068600059,1.067100048,1.06309998,1.059700012
D2,0.090999998,0.091300003,0.091300003,0.091600001,0.092,0.092799999,0.094099998,0.094700001,0.095700003,0.096900001,0.098800004,0.100599997,0.103200004,0.106399998,0.110399999,0.115199998,0.121100001,0.128600001,0.137199998,0.148300007,0.161400005,0.178000003,0.184599996,0.197999999,0.218700007,0.243799999,0.26699999,0.296700001,0.334600002,0.371399999,0.412800014,0.451900005,0.488999993,0.523800015,0.560699999,0.589299977,0.614000022,0.640699983,0.666800022,0.690100014,0.712700009,0.735899985,0.758400023,0.780799985,0.799700022,0.82249999,0.83950001,0.857800007,0.874000013,0.890699983,0.903299987,0.921599984,0.937300026,0.950800002,0.963,0.978299975,0.988900006,1.001700044,1.011899948,1.026600003,1.036299944,1.044999957,1.053599954,1.061300039,1.07099998,1.07949996,1.084699988,1.097100019,1.109099984,1.116400003,1.128299952,1.132699966,1.134199977,1.1329,1.13349998,1.133200049,1.134899974,1.136000037,1.135499954,1.133599997,1.135200024,1.13499999,1.133999944,1.132699966,1.129600048,1.131000042,1.129099965,1.128100038,1.126600027,1.125800014,1.12469995,1.123200059,1.120499969,1.121000051,1.120200038,1.118600011,1.116600037,1.11590004,1.114599943,1.113100052,1.110700011,1.110100031,1.107599974,1.108100057,1.106099963,1.104699969,1.103299975,1.101699948,1.101300001,1.099400043,1.098899961,1.09739995,1.095999956,1.094400048,1.092399955,1.090600014,1.089100003,1.089400053,1.086799979,1.086799979,1.085100055,1.083699942,1.082100034,1.080500007,1.078999996
D3,0.092799999,0.092799999,0.092900001,0.093400002,0.093800001,0.094499998,0.096299998,0.0973,0.097800002,0.099299997,0.101000004,0.103,0.105499998,0.108499996,0.1127,0.117399998,0.123000003,0.130700007,0.139699996,0.150700003,0.163299993,0.180299997,0.187099993,0.200499997,0.221000001,0.246099994,0.269600004,0.298799992,0.336499989,0.37439999,0.418300003,0.457500011,0.49180001,0.533900023,0.563899994,0.597000003,0.617999971,0.645500004,0.670000017,0.691600025,0.713800013,0.737100005,0.75849998,0.781899989,0.802900016,0.82190001,0.839100003,0.854600012,0.871500015,0.88499999,0.901600003,0.913900018,0.931100011,0.941100001,0.955900013,0.967499971,0.98150003,0.994000018,1.005399942,1.016899943,1.027099967,1.036399961,1.047700047,1.054100037,1.064299941,1.070700049,1.078299999,1.086099982,1.100299954,1.107300043,1.114199996,1.125499964,1.131700039,1.133200049,1.136299968,1.136600018,1.130800009,1.133900046,1.134799957,1.137599945,1.136999965,1.13499999,1.128900051,1.129699945,1.129799962,1.128600001,1.129699945,1.127599955,1.129799962,1.127300024,1.12559998,1.123100042,1.118800044,1.117699981,1.118700027,1.116700053,1.112599969,1.111500025,1.112599969,1.110200047,1.110399961,1.111500025,1.109300017,1.113299966,1.104500055,1.101899981,1.100299954,1.09860003,1.100299954,1.097599983,1.097599983,1.0977,1.093600035,1.090999961,1.092100024,1.090199947,1.089100003,1.086899996,1.085999966,1.084100008,1.083699942,1.083400011,1.081099987,1.080199957,1.079100013
D4,0.090999998,0.0911,0.091300003,0.091799997,0.092,0.092799999,0.093800001,0.094700001,0.095399998,0.096699998,0.098099999,0.100199997,0.102600001,0.105599999,0.109200001,0.114,0.119599998,0.127100006,0.135600001,0.146400005,0.159199998,0.175500005,0.182099998,0.195099995,0.215599999,0.240199998,0.263300002,0.291999996,0.328900009,0.36590001,0.407999992,0.447400004,0.481000006,0.524500012,0.552999973,0.586399972,0.608399987,0.635299981,0.658500016,0.680700004,0.702899992,0.725600004,0.747399986,0.770099998,0.790000021,0.806699991,0.824100018,0.840300024,0.855099976,0.870299995,0.883599997,0.898800015,0.913800001,0.925100029,0.936600029,0.950999975,0.9648,0.977299988,0.987299979,0.99849999,1.010499954,1.018300056,1.031499982,1.037199974,1.046599984,1.054200053,1.062100053,1.071099997,1.08070004,1.091300011,1.09800005,1.103999972,1.115399957,1.118899941,1.121500015,1.116400003,1.117200017,1.11650002,1.122499943,1.12440002,1.118499994,1.118999958,1.116600037,1.115800023,1.114099979,1.113800049,1.113399982,1.115700006,1.112200022,1.11500001,1.113499999,1.108399987,1.111299992,1.110800028,1.110499978,1.108199954,1.101400018,1.101600051,1.100299954,1.098999977,1.096199989,1.096600056,1.093700051,1.092200041,1.091300011,1.08920002,1.089599967,1.088999987,1.088099957,1.085399985,1.085199952,1.083199978,1.081200004,1.07980001,1.079300046,1.077100039,1.076300025,1.075000048,1.073300004,1.072199941,1.07249999,1.069399953,1.068500042,1.066499949,1.065400004
D5,0.091300003,0.090599999,0.090800002,0.091300003,0.103799999,0.104000002,0.093400002,0.094499998,0.095200002,0.096299998,0.098099999,0.100500003,0.102499999,0.109499998,0.109700002,0.114,0.119800001,0.127299994,0.136199996,0.146899998,0.159899995,0.176499993,0.182899997,0.196099997,0.216399997,0.241999999,0.264600009,0.294,0.33160001,0.372599989,0.414299995,0.452899992,0.487599999,0.532500029,0.560400009,0.593699992,0.61650002,0.643400013,0.666199982,0.68870002,0.709299982,0.733099997,0.756399989,0.780200005,0.797599971,0.815400004,0.828800023,0.844600022,0.860899985,0.872699976,0.888100028,0.901499987,0.921000004,0.929700017,0.943000019,0.958400011,0.969200015,0.98150003,0.995500028,1.006999969,1.015699983,1.025500059,1.034600019,1.044100046,1.05309999,1.060199976,1.067600012,1.077800035,1.088099957,1.098199964,1.104099989,1.108399987,1.119600058,1.125800014,1.128299952,1.127099991,1.128100038,1.128100038,1.128100038,1.127599955,1.128800035,1.127500057,1.127900004,1.126600027,1.125100017,1.125699997,1.12440002,1.123399973,1.121299982,1.121299982,1.119799972,1.119099975,1.117599964,1.11740005,1.115700006,1.113999963,1.112300038,1.110599995,1.10800004,1.10769999,1.105499983,1.10679996,1.107599974,1.104599953,1.098099947,1.09679997,1.095399976,1.098199964,1.09920001,1.091899991,1.09010005,1.088400006,1.088099957,1.088199973,1.085199952,1.083299994,1.085700035,1.080800056,1.08220005,1.079100013,1.077999949,1.078099966,1.075600028,1.077499986,1.075000048
D6,0.090499997,0.090300001,0.090400003,0.090899996,0.091300003,0.092,0.095200002,0.094099998,0.094700001,0.096100003,0.098200001,0.099600002,0.1021,0.105700001,0.109399997,0.113499999,0.119400002,0.126900002,0.135600001,0.146500006,0.159299999,0.176599994,0.183699995,0.195600003,0.217500001,0.240199998,0.263099998,0.292499989,0.329699993,0.363900006,0.407700002,0.449800014,0.482300013,0.526799977,0.553200006,0.58829999,0.612800002,0.639100015,0.662400007,0.682299972,0.704200029,0.729600012,0.756799996,0.77609998,0.793299973,0.808799982,0.825800002,0.842100024,0.856899977,0.870899975,0.886200011,0.899299979,0.913500011,0.926699996,0.937699974,0.952099979,0.96450001,0.977699995,0.988600016,1.00030005,1.01030004,1.020300031,1.029500008,1.039000034,1.046800017,1.055400014,1.062600017,1.070199966,1.081699967,1.091799974,1.098700047,1.104599953,1.109300017,1.119699955,1.124300003,1.124300003,1.125699997,1.126199961,1.12559998,1.12559998,1.125699997,1.126199961,1.12469995,1.12530005,1.124500036,1.122799993,1.123000026,1.122699976,1.121299982,1.119300008,1.118899941,1.116600037,1.115399957,1.114099979,1.112400055,1.111400008,1.110100031,1.109400034,1.106400013,1.10529995,1.104200006,1.103399992,1.100800037,1.100600004,1.099300027,1.096899986,1.096199989,1.094900012,1.093299985,1.091500044,1.091400027,1.09070003,1.090199947,1.08829999,1.087200046,1.087000012,1.085399985,1.082700014,1.083799958,1.080899954,1.080000043,1.078400016,1.077800035,1.077299953,1.076200008
D7,0.0902,0.0902,0.090400003,0.090700001,0.090999998,0.091799997,0.092900001,0.093900003,0.094499998,0.096000001,0.097499996,0.0995,0.102600001,0.105099998,0.1087,0.113799997,0.119599998,0.127100006,0.135900006,0.147,0.159500003,0.176499993,0.184,0.195800006,0.216399997,0.242400005,0.264499992,0.293300003,0.329899997,0.364199996,0.408800006,0.446799994,0.476700008,0.522700012,0.552999973,0.581499994,0.601000011,0.627600014,0.649600029,0.670599997,0.692099988,0.721000016,0.745400012,0.762799978,0.780600011,0.797699988,0.814199984,0.83130002,0.847100019,0.862299979,0.87650001,0.8926,0.905799985,0.918900013,0.931900024,0.94569999,0.958500028,0.970499992,0.982800007,0.995199978,1.006299973,1.014799953,1.023900032,1.034500003,1.043099999,1.052399993,1.057999969,1.068199992,1.078999996,1.092700005,1.101500034,1.107499957,1.109099984,1.11650002,1.126799941,1.128800035,1.132099986,1.133700013,1.133100033,1.129999995,1.131999969,1.128900051,1.127599955,1.130200028,1.126700044,1.128600001,1.127300024,1.129999995,1.129600048,1.125499964,1.124899983,1.12440002,1.120800018,1.123600006,1.119500041,1.119600058,1.118899941,1.115499973,1.113600016,1.114899993,1.11500001,1.110499978,1.109200001,1.10860002,1.10710001,1.105999947,1.106600046,1.102300048,1.103099942,1.100700021,1.098799944,1.097900033,1.097000003,1.09679997,1.094699979,1.093500018,1.092200041,1.091699958,1.089900017,1.089400053,1.088400006,1.08739996,1.086400032,1.084900022,1.084100008
D8,0.089900002,0.089900002,0.090000004,0.090499997,0.090599999,0.091300003,0.092799999,0.093699999,0.0942,0.095799997,0.0973,0.099200003,0.1021,0.104999997,0.108999997,0.113600001,0.119800001,0.127499998,0.136500001,0.147799999,0.162,0.176499993,0.182699993,0.199000001,0.220799997,0.244399995,0.26879999,0.298500001,0.337399989,0.372399986,0.405800015,0.446099997,0.475100011,0.520799994,0.554400027,0.582599998,0.602699995,0.629999995,0.652400017,0.674600005,0.699699998,0.728399992,0.745700002,0.763100028,0.781599998,0.799499989,0.814400017,0.831799984,0.846899986,0.861699998,0.875500023,0.890600026,0.905399978,0.919200003,0.930199981,0.942799985,0.95569998,0.969200015,0.980599999,0.991900027,1.002400041,1.011999965,1.023599982,1.031399965,1.041300058,1.049299955,1.056900024,1.063599944,1.073600054,1.083699942,1.095999956,1.10010004,1.10650003,1.110700011,1.114199996,1.121000051,1.128600001,1.129799962,1.130200028,1.131899953,1.131700039,1.131899953,1.132200003,1.13259995,1.131800056,1.132200003,1.131899953,1.133700013,1.130900025,1.132200003,1.128800035,1.128200054,1.126799941,1.126700044,1.12650001,1.124899983,1.122699976,1.121099949,1.120399952,1.120900035,1.118000031,1.118600011,1.111600041,1.11559999,1.10769999,1.104599953,1.104300022,1.103099942,1.103500009,1.101300001,1.100800037,1.102599978,1.099599957,1.102200031,1.099300027,1.098500013,1.095800042,1.095600009,1.094200015,1.092300057,1.093099952,1.091599941,1.090899944,1.088500023,1.087900043
E1,0.090800002,0.090999998,0.0911,0.091499999,0.091700003,0.092699997,0.093800001,0.094700001,0.095299996,0.096699998,0.098300003,0.100100003,0.102600001,0.105599999,0.109200001,0.113700002,0.119000003,0.126499996,0.134200007,0.144199997,0.155699998,0.170499995,0.179900005,0.190500006,0.209000006,0.232500002,0.255199999,0.280800015,0.311199993,0.348100007,0.381700009,0.426999986,0.461199999,0.485000014,0.528999984,0.556599975,0.58130002,0.605599999,0.631399989,0.653599977,0.676599979,0.699199975,0.7227,0.744899988,0.765600026,0.78549999,0.804400027,0.825999975,0.844200015,0.861299992,0.879400015,0.895099998,0.908699989,0.920700014,0.935100019,0.949899971,0.962499976,0.975600004,0.986500025,0.996999979,1.00759995,1.016600013,1.02579999,1.033900023,1.040199995,1.047299981,1.054100037,1.069300056,1.078299999,1.084499955,1.093600035,1.101899981,1.104900002,1.104900002,1.10619998,1.105499983,1.105399966,1.106600046,1.106400013,1.10710001,1.106400013,1.10619998,1.106299996,1.105700016,1.105599999,1.104300022,1.102900028,1.102499962,1.101699948,1.100399971,1.101999998,1.101199985,1.100000024,1.096400023,1.095999956,1.095000029,1.092800021,1.090399981,1.091599941,1.089400053,1.082999945,1.085100055,1.089100003,1.082999945,1.085399985,1.084100008,1.075700045,1.082299948,1.079599977,1.073899984,1.070799947,1.070799947,1.069800019,1.069800019,1.066900015,1.065999985,1.065400004,1.064700007,1.064499974,1.067199945,1.062899947,1.06159997,1.061200023,1.061699986,1.060400009
E2,0.091899998,0.092,0.092,0.092500001,0.092799999,0.093500003,0.094800003,0.0955,0.0964,0.0977,0.099200003,0.101000004,0.1039,0.1065,0.110299997,0.115199998,0.1206,0.127900004,0.136199996,0.146699995,0.158399999,0.173299998,0.184400007,0.194000006,0.213300005,0.237599999,0.261099994,0.287999988,0.32069999,0.357199997,0.396299988,0.43689999,0.474299997,0.4991,0.547399998,0.577000022,0.603799999,0.624800026,0.653100014,0.6778,0.699999988,0.723800004,0.747900009,0.768299997,0.788800001,0.811800003,0.83130002,0.848500013,0.864600003,0.882700026,0.898800015,0.916800022,0.930299997,0.942099988,0.957400024,0.971400023,0.983799994,0.998000026,1.010400057,1.021800041,1.032500029,1.042600036,1.052299976,1.063500047,1.070600033,1.077600002,1.086199999,1.091199994,1.105499983,1.115100026,1.121299982,1.131000042,1.136600018,1.138900042,1.137899995,1.14139998,1.142799973,1.142199993,1.144999981,1.145200014,1.144899964,1.140499949,1.140900016,1.139400005,1.139999986,1.136999965,1.136399984,1.135599971,1.13409996,1.132699966,1.133000016,1.133200049,1.131299973,1.127599955,1.127099991,1.12530005,1.123800039,1.122499943,1.120800018,1.120000005,1.118600011,1.117900014,1.11619997,1.114300013,1.113100052,1.113299966,1.111999989,1.111099958,1.109699965,1.108399987,1.107499957,1.105100036,1.105000019,1.103999972,1.101999998,1.100499988,1.099900007,1.099699974,1.097599983,1.097300053,1.096500039,1.094599962,1.094699979,1.092800021,1.091899991
E3,0.091899998,0.092,0.092200004,0.092399999,0.092600003,0.093599997,0.094700001,0.095600002,0.096100003,0.097499996,0.098899998,0.1008,0.103200004,0.105899997,0.109899998,0.114200003,0.119499996,0.126599997,0.134900004,0.145099998,0.157499999,0.172900006,0.1831,0.193499997,0.212699994,0.237100005,0.26030001,0.287699997,0.321799994,0.357499987,0.393299997,0.430400014,0.468199998,0.493200004,0.548300028,0.578000009,0.59920001,0.622699976,0.650200009,0.674199998,0.697899997,0.72240001,0.746900022,0.76789999,0.791100025,0.812600017,0.829100013,0.84829998,0.865400016,0.879499972,0.896399975,0.913100004,0.926699996,0.940699995,0.954599977,0.966799974,0.982599974,0.995100021,1.006399989,1.019199967,1.029099941,1.040300012,1.049800038,1.057399988,1.068300009,1.074800014,1.082000017,1.090499997,1.101400018,1.111099958,1.117499948,1.125200033,1.135400057,1.139500022,1.140799999,1.139799953,1.139700055,1.14230001,1.14260006,1.142500043,1.143100023,1.140100002,1.139500022,1.139999986,1.14230001,1.139500022,1.140300035,1.133100033,1.132699966,1.135200024,1.134199977,1.132099986,1.131399989,1.131800056,1.128800035,1.128100038,1.126000047,1.124799967,1.123700023,1.121700048,1.121700048,1.119699955,1.121399999,1.1171,1.113600016,1.112800002,1.114099979,1.109899998,1.110700011,1.108800054,1.10739994,1.104699969,1.103800058,1.102699995,1.100999951,1.100600004,1.098899961,1.098500013,1.09800005,1.097300053,1.097100019,1.094499946,1.100700021,1.092200041,1.091400027
E4,0.092299998,0.092500001,0.092399999,0.093000002,0.093099996,0.093900003,0.095100001,0.095899999,0.096500002,0.097599998,0.099200003,0.101099998,0.103299998,0.105999999,0.109700002,0.113899998,0.119199999,0.126000002,0.134399995,0.144099995,0.156299993,0.171700001,0.181299999,0.191599995,0.2104,0.234999999,0.257999986,0.284799993,0.318399996,0.352899998,0.386700004,0.421799988,0.462300003,0.487899989,0.541000009,0.570200026,0.586899996,0.612399995,0.638199985,0.663600028,0.686600029,0.710900009,0.733500004,0.755599976,0.780200005,0.798300028,0.815500021,0.832199991,0.848800004,0.864700019,0.881600022,0.897199988,0.911899984,0.924700022,0.936999977,0.952300012,0.966499984,0.979900002,0.991299987,1.003000021,1.014999986,1.024999976,1.034000039,1.043900013,1.054399967,1.062299967,1.068699956,1.077499986,1.08949995,1.098799944,1.10529995,1.111500025,1.121700048,1.125800014,1.12590003,1.125699997,1.125699997,1.129099965,1.131600022,1.127799988,1.128399968,1.129199982,1.129099965,1.128800035,1.127699971,1.127599955,1.12409997,1.126600027,1.12440002,1.121299982,1.121899962,1.120100021,1.119300008,1.118299961,1.118199944,1.115200043,1.113899946,1.113800049,1.110800028,1.107499957,1.106600046,1.109099984,1.10529995,1.10619998,1.100800037,1.102200031,1.099400043,1.097000003,1.097300053,1.095900059,1.094400048,1.093600035,1.092700005,1.091699958,1.091400027,1.090800047,1.086899996,1.087100029,1.084900022,1.086699963,1.085299969,1.082299948,1.081599951,1.08099997,1.08010006
E5,0.093800001,0.093699999,0.093699999,0.093999997,0.094400004,0.095100001,0.096299998,0.097099997,0.097599998,0.099100001,0.100500003,0.102300003,0.104599997,0.107500002,0.111000001,0.115199998,0.120399997,0.127200007,0.135299996,0.145500004,0.157800004,0.173500001,0.182600006,0.193100005,0.212500006,0.2368,0.25940001,0.286500007,0.320800006,0.353599995,0.386999995,0.422199994,0.458700001,0.486400008,0.541000009,0.564999998,0.588800013,0.611899972,0.640600026,0.664799988,0.68779999,0.711000025,0.734600008,0.756799996,0.778900027,0.799099982,0.816600025,0.833500028,0.849600017,0.864899993,0.881500006,0.895900011,0.912199974,0.924499989,0.937099993,0.951699972,0.965499997,0.978600025,0.990499973,1.002500057,1.013399959,1.023599982,1.03429997,1.042999983,1.051900029,1.059299946,1.065600038,1.074399948,1.087599993,1.09800005,1.104500055,1.109300017,1.118700027,1.125,1.127300024,1.128999949,1.128399968,1.129600048,1.129600048,1.130499959,1.131100059,1.130900025,1.130300045,1.129400015,1.128999949,1.128600001,1.129999995,1.127900004,1.12349999,1.126399994,1.123100042,1.120399952,1.116999984,1.119400024,1.117599964,1.113700032,1.114500046,1.112200022,1.109200001,1.110900044,1.112800002,1.110900044,1.109400034,1.106600046,1.10650003,1.105800033,1.103800058,1.103700042,1.103700042,1.099799991,1.094699979,1.093999982,1.092800021,1.091199994,1.089699984,1.089699984,1.089300036,1.089699984,1.086899996,1.086699963,1.085399985,1.084499955,1.083600044,1.081200004,1.082299948
E6,0.090999998,0.090999998,0.0911,0.091399997,0.091700003,0.092399999,0.093800001,0.094700001,0.095299996,0.096799999,0.098099999,0.100100003,0.102300003,0.105400003,0.108999997,0.113399997,0.118799999,0.126200005,0.134200007,0.145099998,0.157499999,0.173099995,0.181999996,0.193599999,0.213200003,0.237900004,0.260500014,0.288599998,0.323300004,0.356999993,0.393099993,0.42930001,0.467500001,0.493400007,0.543500006,0.572700024,0.592400014,0.619300008,0.647300005,0.668799996,0.692300022,0.715499997,0.742999971,0.765900016,0.783900023,0.802600026,0.819400012,0.836399972,0.853200018,0.868300021,0.883700013,0.898000002,0.913200021,0.92809999,0.939800024,0.952199996,0.966899991,0.979700029,0.991400003,1.003499985,1.015100002,1.025400043,1.03610003,1.04610002,1.054200053,1.062700033,1.070299983,1.077900052,1.086199999,1.094200015,1.110200047,1.116700053,1.122799993,1.128900051,1.136399984,1.141700029,1.144400001,1.146900058,1.146700025,1.148200035,1.149700046,1.152099967,1.141499996,1.144500017,1.14199996,1.140200019,1.139199972,1.138900042,1.140499949,1.140100002,1.139600039,1.137199998,1.138599992,1.134500027,1.134899974,1.133100033,1.132200003,1.130200028,1.129600048,1.126999974,1.125100017,1.12530005,1.124199986,1.121600032,1.119400024,1.118100047,1.117599964,1.116700053,1.115399957,1.115100026,1.113800049,1.111700058,1.111899972,1.109699965,1.109099984,1.106899977,1.10650003,1.104900002,1.104699969,1.103099942,1.102699995,1.100999951,1.100999951,1.100200057,1.098500013
E7,0.090300001,0.090400003,0.090099998,0.090700001,0.090999998,0.091700003,0.093000002,0.093800001,0.094499998,0.095899999,0.097400002,0.099299997,0.101599999,0.104500003,0.108199999,0.112599999,0.117799997,0.124799997,0.133399993,0.143999994,0.156100005,0.172000006,0.179800004,0.192100003,0.211700007,0.236100003,0.25819999,0.286000013,0.321799994,0.354999989,0.386799991,0.422300011,0.456800014,0.484499991,0.537800014,0.565299988,0.583500028,0.609300017,0.635900021,0.658500016,0.681599975,0.70389998,0.729399979,0.750999987,0.773899972,0.792999983,0.811999977,0.828800023,0.844500005,0.859700024,0.87650001,0.890900016,0.906599998,0.920899987,0.931699991,0.947099984,0.960799992,0.976000011,0.986999989,1.000399947,1.009500027,1.022099972,1.029899955,1.043400049,1.049399972,1.058300018,1.064800024,1.071799994,1.087599993,1.0977,1.105499983,1.108399987,1.113499999,1.123200059,1.128999949,1.131899953,1.133299947,1.136000037,1.135499954,1.136199951,1.132400036,1.132400036,1.132300019,1.131800056,1.131600022,1.133200049,1.135699987,1.130200028,1.130499959,1.131999969,1.129899979,1.131299973,1.129299998,1.130699992,1.129999995,1.127500057,1.126999974,1.12530005,1.125100017,1.118800044,1.115399957,1.113899946,1.114400029,1.112499952,1.111700058,1.110299945,1.109099984,1.109799981,1.112499952,1.109799981,1.105399966,1.107300043,1.103600025,1.103999972,1.099300027,1.100399971,1.09829998,1.097300053,1.09679997,1.097100019,1.095999956,1.093600035,1.093299985,1.092000008,1.092100024
E8,0.0902,0.090000004,0.090300001,0.090599999,0.090899996,0.091799997,0.093199998,0.094099998,0.094599999,0.096100003,0.097900003,0.099799998,0.102399997,0.105700001,0.109300002,0.114500001,0.120099999,0.127900004,0.136500001,0.147699997,0.160600007,0.1778,0.183500007,0.197500005,0.2183,0.242899999,0.266200006,0.296400011,0.332199991,0.368099988,0.402500004,0.439300001,0.470299989,0.504000008,0.550300002,0.575600028,0.596899986,0.62379998,0.649600029,0.672699988,0.694500029,0.721400023,0.747200012,0.767499983,0.786300004,0.803300023,0.820800006,0.836600006,0.854300022,0.867999971,0.88380003,0.899299979,0.914200008,0.925300002,0.93900001,0.951900005,0.966400027,0.978299975,0.991100013,1.001099944,1.014700055,1.023800015,1.034399986,1.04429996,1.05250001,1.059599996,1.068500042,1.075600028,1.081900001,1.090999961,1.105599999,1.114300013,1.121099949,1.12590003,1.129400015,1.131500006,1.136600018,1.14349997,1.140200019,1.141600013,1.143599987,1.145799994,1.145400047,1.149299979,1.149099946,1.148200035,1.147799969,1.145799994,1.145300031,1.145499945,1.142500043,1.14349997,1.142099977,1.142500043,1.141100049,1.138200045,1.134899974,1.135100007,1.136100054,1.135400057,1.13380003,1.131800056,1.130900025,1.129400015,1.127799988,1.12559998,1.124300003,1.123000026,1.122400045,1.122499943,1.122900009,1.121000051,1.120300055,1.117900014,1.116600037,1.116000056,1.113600016,1.113399982,1.110999942,1.112100005,1.110299945,1.109200001,1.108899951,1.107300043,1.106400013
F1,0.090700001,0.090800002,0.090800002,0.091300003,0.091700003,0.092600003,0.093699999,0.094700001,0.095399998,0.097000003,0.098399997,0.100400001,0.103,0.105700001,0.109300002,0.113700002,0.119099997,0.125799999,0.133699998,0.143199995,0.154200003,0.167400002,0.182099998,0.189099997,0.205799997,0.226500005,0.251300007,0.274199992,0.305299997,0.340200007,0.378800005,0.412999988,0.449900001,0.481299996,0.500500023,0.546400011,0.5704,0.589299977,0.617399991,0.642400026,0.666000009,0.689599991,0.712899983,0.736100018,0.757200003,0.77759999,0.796599984,0.817600012,0.836600006,0.855000019,0.870899975,0.888199985,0.903100014,0.917500019,0.928900003,0.942499995,0.95630002,0.970200002,0.981400013,0.992999971,1.003800035,1.014000058,1.023399949,1.033100009,1.041800022,1.049299955,1.055999994,1.062700033,1.068699956,1.075799942,1.082999945,1.095800042,1.100200057,1.105000019,1.110299945,1.118299961,1.121199965,1.124799967,1.125800014,1.124500036,1.126399994,1.126700044,1.126299977,1.126700044,1.127599955,1.126299977,1.126600027,1.124199986,1.12559998,1.123100042,1.125800014,1.117200017,1.11559999,1.114599943,1.114899993,1.11740005,1.114300013,1.112699986,1.110700011,1.10769999,1.106099963,1.105800033,1.108800054,1.106600046,1.105399966,1.101500034,1.102800012,1.102900028,1.101199985,1.097800016,1.096699953,1.097499967,1.099400043,1.09860003,1.099699974,1.098199964,1.092100024,1.093899965,1.095700026,1.093199968,1.094900012,1.087599993,1.086500049,1.085600019,1.08829999
F2,0.095200002,0.095100001,0.095299996,0.095600002,0.096199997,0.097000003,0.098200001,0.099100001,0.100000001,0.101400003,0.1021,0.1039,0.107199997,0.109700002,0.113899998,0.118100002,0.123099998,0.129899994,0.137600005,0.1479,0.158600003,0.172099993,0.1875,0.193800002,0.210700005,0.231299996,0.256799996,0.280200005,0.312599987,0.34799999,0.386599988,0.422800004,0.462099999,0.493600011,0.518899977,0.558000028,0.586600006,0.606000006,0.635299981,0.660899997,0.684599996,0.708700001,0.730599999,0.754199982,0.775300026,0.795700014,0.815299988,0.835099995,0.85619998,0.873099983,0.889800012,0.908399999,0.922999978,0.93690002,0.948400021,0.962599993,0.976700008,0.989799976,1.001399994,1.013499975,1.024000049,1.034600019,1.04460001,1.054100037,1.062999964,1.07009995,1.077600002,1.085199952,1.091400027,1.098500013,1.111899972,1.116099954,1.122200012,1.131899953,1.137400031,1.138599992,1.140300035,1.141899943,1.14230001,1.14139998,1.141800046,1.14230001,1.142799973,1.142099977,1.140900016,1.140900016,1.139299989,1.138700008,1.137400031,1.136199951,1.135900021,1.136299968,1.13530004,1.131500006,1.132799983,1.130900025,1.128600001,1.126899958,1.126199961,1.126600027,1.123900056,1.121799946,1.123200059,1.121199965,1.120700002,1.117200017,1.118399978,1.11469996,1.116700053,1.112699986,1.113700032,1.111500025,1.110999942,1.108700037,1.10860002,1.106699944,1.10650003,1.108199954,1.10739994,1.103999972,1.102699995,1.101699948,1.100800037,1.099599957,1.099900007
F3,0.091799997,0.091899998,0.092,0.092500001,0.093000002,0.093699999,0.094700001,0.095799997,0.096699998,0.097900003,0.0995,0.101199999,0.103699997,0.1065,0.110200003,0.114399999,0.119400002,0.126200005,0.134100005,0.1435,0.155000001,0.167799994,0.184,0.189700007,0.205899999,0.226899996,0.252200007,0.275599986,0.311699986,0.342999995,0.384299994,0.420399994,0.459100008,0.491699994,0.518899977,0.555100024,0.590799987,0.610400021,0.636200011,0.660700023,0.683700025,0.70599997,0.727999985,0.750199974,0.772899985,0.796800017,0.815199971,0.832099974,0.848100007,0.865400016,0.879800022,0.894800007,0.911800027,0.924399972,0.93690002,0.949599981,0.963800013,0.976599991,0.987600029,0.99940002,1.010400057,1.020699978,1.030599952,1.041000009,1.048799992,1.056800008,1.064399958,1.071200013,1.077800035,1.086699963,1.093799949,1.102200031,1.110900044,1.11469996,1.117900014,1.127500057,1.135100007,1.138200045,1.139299989,1.140400052,1.139700055,1.135800004,1.135599971,1.142099977,1.141899943,1.139999986,1.140699983,1.141000032,1.138599992,1.138399959,1.136500001,1.136600018,1.136000037,1.132200003,1.128100038,1.127500057,1.128399968,1.12440002,1.123999953,1.12650001,1.122099996,1.123800039,1.121899962,1.121299982,1.119199991,1.11590004,1.114799976,1.112100005,1.111299992,1.112200022,1.114500046,1.108399987,1.107499957,1.105900049,1.105599999,1.105399966,1.102599978,1.103700042,1.103099942,1.102100015,1.100700021,1.101600051,1.09920001,1.09829998,1.097200036
F4,0.093800001,0.093900003,0.093599997,0.093999997,0.093800001,0.094700001,0.0973,0.098099999,0.098899998,0.100900002,0.102700002,0.104699999,0.1065,0.108900003,0.1127,0.116599999,0.1219,0.128299996,0.135900006,0.145400003,0.156299993,0.169499993,0.184799999,0.191200003,0.207000002,0.227699995,0.251800001,0.274599999,0.309300005,0.341600001,0.381799996,0.4199,0.457500011,0.489499986,0.520099998,0.55430001,0.586499989,0.60799998,0.633099973,0.657800019,0.679899991,0.700999975,0.723500013,0.746100008,0.773000002,0.79369998,0.810400009,0.826900005,0.841600001,0.856700003,0.872399986,0.887000024,0.901000023,0.915600002,0.927600026,0.939400017,0.953000009,0.966600001,0.978900015,0.99059999,1.001600027,1.011800051,1.023599982,1.032600045,1.041300058,1.048599958,1.056699991,1.063799977,1.0704,1.077200055,1.085000038,1.092900038,1.102100015,1.108199954,1.111600041,1.115800023,1.123800039,1.130800009,1.131399989,1.131999969,1.133900046,1.134699941,1.134699941,1.134199977,1.134500027,1.13440001,1.134299994,1.132500052,1.133299947,1.130499959,1.130900025,1.128299952,1.126099944,1.126299977,1.12349999,1.121099949,1.121999979,1.119799972,1.120000005,1.115700006,1.114400029,1.115200043,1.11500001,1.110999942,1.113199949,1.110299945,1.109099984,1.108100057,1.10739994,1.106299996,1.105800033,1.104699969,1.100499988,1.101500034,1.101199985,1.099099994,1.09860003,1.09829998,1.096699953,1.097000003,1.094099998,1.094699979,1.095900059,1.095999956,1.092700005
F5,0.090499997,0.090499997,0.090700001,0.0911,0.091399997,0.092299998,0.0933,0.094099998,0.094700001,0.096199997,0.097599998,0.0995,0.101899996,0.104999997,0.1083,0.112499997,0.117700003,0.124300003,0.131999999,0.141499996,0.152799994,0.165399998,0.182300001,0.187700003,0.203199998,0.223700002,0.247999996,0.270399988,0.305900007,0.334100008,0.374599993,0.412600011,0.448799998,0.489499986,0.514199972,0.550899982,0.586300015,0.609700024,0.633599997,0.658599973,0.679799974,0.701399982,0.72390002,0.754199982,0.773699999,0.791000009,0.807500005,0.823300004,0.837300003,0.852699995,0.86650002,0.880299985,0.895099998,0.907700002,0.922800004,0.934700012,0.9472,0.961000025,0.973800004,0.986599982,0.998000026,1.007500052,1.018100023,1.027699947,1.03550005,1.046000004,1.051599979,1.060899973,1.066300035,1.073400021,1.080500007,1.087599993,1.098799944,1.105599999,1.110200047,1.114300013,1.117900014,1.125800014,1.133299947,1.135699987,1.137500048,1.136700034,1.137799978,1.136600018,1.138399959,1.135499954,1.138299942,1.135599971,1.137899995,1.134600043,1.134899974,1.133200049,1.132699966,1.130800009,1.129400015,1.127900004,1.125699997,1.125200033,1.122799993,1.122900009,1.120100021,1.120800018,1.116799951,1.119500041,1.117200017,1.11590004,1.113800049,1.112699986,1.113000035,1.112200022,1.104200006,1.110499978,1.102699995,1.10619998,1.107599974,1.104300022,1.10010004,1.103800058,1.103700042,1.103800058,1.103600025,1.103700042,1.099599957,1.102200031,1.098999977
F6,0.090499997,0.090499997,0.090599999,0.0911,0.091399997,0.092200004,0.093099996,0.0942,0.094800003,0.096000001,0.097599998,0.099600002,0.1021,0.104699999,0.108099997,0.112899996,0.117899999,0.124499999,0.131999999,0.141800001,0.152799994,0.165800005,0.182099998,0.187900007,0.203600004,0.2236,0.248600006,0.270999998,0.305599988,0.334100008,0.370799989,0.407000005,0.443399996,0.483500004,0.509299994,0.546500027,0.58069998,0.605799973,0.629999995,0.655200005,0.676599979,0.699400008,0.728100002,0.754499972,0.774200022,0.790400028,0.807399988,0.823000014,0.837899983,0.853500009,0.867900014,0.880999982,0.894900024,0.908599973,0.922599971,0.934499979,0.946500003,0.960399985,0.97240001,0.984799981,0.996399999,1.006199956,1.01699996,1.02670002,1.03579998,1.04369998,1.051100016,1.058699965,1.065799952,1.07280004,1.079200029,1.087000012,1.094599962,1.104500055,1.110100031,1.114199996,1.118499994,1.122200012,1.130399942,1.134500027,1.137400031,1.139099956,1.138900042,1.139199972,1.140200019,1.139600039,1.138900042,1.139999986,1.139500022,1.138900042,1.136199951,1.136100054,1.133900046,1.133999944,1.133200049,1.132200003,1.131600022,1.128900051,1.127599955,1.127200007,1.124799967,1.123399973,1.121500015,1.121600032,1.120700002,1.118600011,1.116999984,1.1171,1.11650002,1.113999963,1.113199949,1.114400029,1.112900019,1.111799955,1.111999989,1.110200047,1.10710001,1.106600046,1.106400013,1.106400013,1.104699969,1.103999972,1.101400018,1.102200031,1.101199985
F7,0.088100001,0.088,0.087899998,0.087899998,0.087700002,0.087899998,0.087800004,0.088,0.087700002,0.088,0.087899998,0.087899998,0.087899998,0.087700002,0.0876,0.088,0.087800004,0.087800004,0.0876,0.087800004,0.087899998,0.0876,0.087899998,0.087800004,0.087899998,0.087700002,0.087800004,0.087700002,0.087899998,0.087700002,0.087700002,0.087899998,0.087700002,0.087800004,0.087700002,0.087700002,0.087700002,0.087899998,0.087899998,0.087800004,0.087899998,0.087800004,0.087700002,0.087899998,0.088,0.087800004,0.087800004,0.087800004,0.087899998,0.087800004,0.087800004,0.087800004,0.087700002,0.087800004,0.087800004,0.0876,0.087700002,0.087700002,0.087700002,0.087700002,0.087899998,0.087800004,0.087899998,0.087700002,0.087700002,0.087700002,0.087800004,0.087700002,0.087700002,0.087800004,0.087800004,0.087800004,0.087800004,0.087700002,0.0876,0.087700002,0.087800004,0.087800004,0.087800004,0.087800004,0.087700002,0.087800004,0.087800004,0.0876,0.087700002,0.087800004,0.087700002,0.087700002,0.088,0.087899998,0.087700002,0.088,0.087899998,0.087800004,0.087800004,0.087899998,0.087700002,0.087700002,0.087899998,0.087800004,0.087700002,0.087899998,0.0876,0.087899998,0.087800004,0.087800004,0.087899998,0.088100001,0.087899998,0.087800004,0.087700002,0.087800004,0.087700002,0.088,0.087700002,0.087700002,0.087700002,0.087899998,0.087700002,0.088,0.087899998,0.0876,0.087899998,0.087800004,0.087700002
F8,0.0876,0.087499999,0.087399997,0.087399997,0.087399997,0.0876,0.087499999,0.087800004,0.0876,0.0876,0.087499999,0.087499999,0.087700002,0.087399997,0.087499999,0.0876,0.087200001,0.087499999,0.087300003,0.087399997,0.087399997,0.087300003,0.087399997,0.087499999,0.087499999,0.087499999,0.087499999,0.087399997,0.087300003,0.087499999,0.087399997,0.087399997,0.0876,0.087300003,0.087300003,0.087300003,0.087300003,0.087399997,0.087300003,0.087300003,0.087399997,0.087300003,0.087399997,0.087399997,0.0876,0.087300003,0.087399997,0.087300003,0.087300003,0.087200001,0.087399997,0.087499999,0.087200001,0.087300003,0.087300003,0.087399997,0.087200001,0.087300003,0.087200001,0.087200001,0.087300003,0.087399997,0.087499999,0.087399997,0.087300003,0.087300003,0.087399997,0.087399997,0.087399997,0.087300003,0.087399997,0.087499999,0.087499999,0.087200001,0.087200001,0.087300003,0.087300003,0.087499999,0.087300003,0.087399997,0.087499999,0.087300003,0.087399997,0.087200001,0.087300003,0.087300003,0.087300003,0.087300003,0.0876,0.087499999,0.087300003,0.087399997,0.087300003,0.087499999,0.087499999,0.087399997,0.087300003,0.087399997,0.087399997,0.087399997,0.087099999,0.087300003,0.087200001,0.087499999,0.087300003,0.087399997,0.087499999,0.087499999,0.087300003,0.087300003,0.087300003,0.0876,0.088299997,0.087300003,0.087200001,0.087399997,0.087399997,0.087300003,0.088200003,0.087399997,0.0876,0.087300003,0.087499999,0.087300003,0.087300003